Workbook

Sheet tableau unifier
A1: Date_Heure_Panne | B1: Cell_ID | C1: Duree_Panne_Min | D1: Statut_Resolution | E1: region | F1: Latitude | G1: Longitude | H1: Technologie | I1: Equipementier | J1: nb abonné | K1: durée cuumulé | L1: derniere heure
A2: 45203.033 | B2: ANT-0465 | C2: 73 | D2: Résolu | E2: =IFERROR(VLOOKUP(logos[[#This Row],[Cell_ID]],'registe maintenance'!A:B,2,FALSE)," non répertoriées") -> Tanganyika | F2: =IFERROR(VLOOKUP(logos[[#This Row],[Cell_ID]],'registe maintenance'!A:C,3,FALSE)," non répertoriées") -> -11.144149 | G2: =IFERROR(VLOOKUP(logos[[#This Row],[Cell_ID]],'registe maintenance'!A:D,4,FALSE)," non répertoriées") -> 27.244659 | H2: =IFERROR(VLOOKUP(logos[[#This Row],[Cell_ID]],'registe maintenance'!A:E,5,FALSE)," non répertoriées") -> 4G | I2: =IFERROR(VLOOKUP(logos[[#This Row],[Cell_ID]],'registe maintenance'!A:F,6,FALSE)," non répertoriées") -> Nokia | J2: =IFERROR(VLOOKUP(B2,'logos transformer '!A:B,2,FALSE),"na") -> 2 | K2: =IFERROR(VLOOKUP(B2,'logos transformer '!A:C,3,FALSE),"na") -> 136 | L2: =IFERROR(VLOOKUP(B2,'logos transformer '!A:D,4,FALSE),"na") -> 45228.792
A3: 45208.301 | B3: ANT-0004 | C3: 38 | D3: Résolu | E3: =IFERROR(VLOOKUP(logos[[#This Row],[Cell_ID]],'registe maintenance'!A:B,2,FALSE)," non répertoriées") -> non répertoriées | F3: =IFERROR(VLOOKUP(logos[[#This Row],[Cell_ID]],'registe maintenance'!A:C,3,FALSE)," non répertoriées") -> non répertoriées | G3: =IFERROR(VLOOKUP(logos[[#This Row],[Cell_ID]],'registe maintenance'!A:D,4,FALSE)," non répertoriées") -> non répertoriées | H3: =IFERROR(VLOOKUP(logos[[#This Row],[Cell_ID]],'registe maintenance'!A:E,5,FALSE)," non répertoriées") -> non répertoriées | I3: =IFERROR(VLOOKUP(logos[[#This Row],[Cell_ID]],'registe maintenance'!A:F,6,FALSE)," non répertoriées") -> non répertoriées | J3: =IFERROR(VLOOKUP(B3,'logos transformer '!A:B,2,FALSE),"na") -> 3 | K3: =IFERROR(VLOOKUP(B3,'logos transformer '!A:C,3,FALSE),"na") -> 161 | L3: =IFERROR(VLOOKUP(B3,'logos transformer '!A:D,4,FALSE),"na") -> 45226.003
A4: 45204.963 | B4: ANT-0977 | C4: 100 | D4: Non Résolu | E4: =IFERROR(VLOOKUP(logos[[#This Row],[Cell_ID]],'registe maintenance'!A:B,2,FALSE)," non répertoriées") -> non répertoriées | F4: =IFERROR(VLOOKUP(logos[[#This Row],[Cell_ID]],'registe maintenance'!A:C,3,FALSE)," non répertoriées") -> non répertoriées | G4: =IFERROR(VLOOKUP(logos[[#This Row],[Cell_ID]],'registe maintenance'!A:D,4,FALSE)," non répertoriées") -> non répertoriées | H4: =IFERROR(VLOOKUP(logos[[#This Row],[Cell_ID]],'registe maintenance'!A:E,5,FALSE)," non répertoriées") -> non répertoriées | I4: =IFERROR(VLOOKUP(logos[[#This Row],[Cell_ID]],'registe maintenance'!A:F,6,FALSE)," non répertoriées") -> non répertoriées | J4: =IFERROR(VLOOKUP(B4,'logos transformer '!A:B,2,FALSE),"na") -> 2 | K4: =IFERROR(VLOOKUP(B4,'logos transformer '!A:C,3,FALSE),"na") -> 153 | L4: =IFERROR(VLOOKUP(B4,'logos transformer '!A:D,4,FALSE),"na") -> 45224.378
A5: 45221.998 | B5: ANT-0740 | C5: 79 | D5: En Cours | E5: =IFERROR(VLOOKUP(logos[[#This Row],[Cell_ID]],'registe maintenance'!A:B,2,FALSE)," non répertoriées") -> non répertoriées | F5: =IFERROR(VLOOKUP(logos[[#This Row],[Cell_ID]],'registe maintenance'!A:C,3,FALSE)," non répertoriées") -> non répertoriées | G5: =IFERROR(VLOOKUP(logos[[#This Row],[Cell_ID]],'registe maintenance'!A:D,4,FALSE)," non répertoriées") -> non répertoriées | H5: =IFERROR(VLOOKUP(logos[[#This Row],[Cell_ID]],'registe maintenance'!A:E,5,FALSE)," non répertoriées") -> non répertoriées | I5: =IFERROR(VLOOKUP(logos[[#This Row],[Cell_ID]],'registe maintenance'!A:F,6,FALSE)," non répertoriées") -> non répertoriées | J5: =IFERROR(VLOOKUP(B5,'logos transformer '!A:B,2,FALSE),"na") -> 2 | K5: =IFERROR(VLOOKUP(B5,'logos transformer '!A:C,3,FALSE),"na") -> 129 | L5: =IFERROR(VLOOKUP(B5,'logos transformer '!A:D,4,FALSE),"na") -> 45221.998
A6: 45217.109 | B6: ANT-0897 | C6: 59 | D6: Résolu | E6: =IFERROR(VLOOKUP(logos[[#This Row],[Cell_ID]],'registe maintenance'!A:B,2,FALSE)," non répertoriées") -> non répertoriées | F6: =IFERROR(VLOOKUP(logos[[#This Row],[Cell_ID]],'registe maintenance'!A:C,3,FALSE)," non répertoriées") -> non répertoriées | G6: =IFERROR(VLOOKUP(logos[[#This Row],[Cell_ID]],'registe maintenance'!A:D,4,FALSE)," non répertoriées") -> non répertoriées | H6: =IFERROR(VLOOKUP(logos[[#This Row],[Cell_ID]],'registe maintenance'!A:E,5,FALSE)," non répertoriées") -> non répertoriées | I6: =IFERROR(VLOOKUP(logos[[#This Row],[Cell_ID]],'registe maintenance'!A:F,6,FALSE)," non répertoriées") -> non répertoriées | J6: =IFERROR(VLOOKUP(B6,'logos transformer '!A:B,2,FALSE),"na") -> 3 | K6: =IFERROR(VLOOKUP(B6,'logos transformer '!A:C,3,FALSE),"na") -> 161 | L6: =IFERROR(VLOOKUP(B6,'logos transformer '!A:D,4,FALSE),"na") -> 45222.772
A7: 45213.042 | B7: ANT-0737 | C7: 119 | D7: Non Résolu | E7: =IFERROR(VLOOKUP(logos[[#This Row],[Cell_ID]],'registe maintenance'!A:B,2,FALSE)," non répertoriées") -> Kongo-Central | F7: =IFERROR(VLOOKUP(logos[[#This Row],[Cell_ID]],'registe maintenance'!A:C,3,FALSE)," non répertoriées") -> -2.821152 | G7: =IFERROR(VLOOKUP(logos[[#This Row],[Cell_ID]],'registe maintenance'!A:D,4,FALSE)," non répertoriées") -> 20.651419 | H7: =IFERROR(VLOOKUP(logos[[#This Row],[Cell_ID]],'registe maintenance'!A:E,5,FALSE)," non répertoriées") -> 5G | I7: =IFERROR(VLOOKUP(logos[[#This Row],[Cell_ID]],'registe maintenance'!A:F,6,FALSE)," non répertoriées") -> Ericsson | J7: =IFERROR(VLOOKUP(B7,'logos transformer '!A:B,2,FALSE),"na") -> 5 | K7: =IFERROR(VLOOKUP(B7,'logos transformer '!A:C,3,FALSE),"na") -> 389 | L7: =IFERROR(VLOOKUP(B7,'logos transformer '!A:D,4,FALSE),"na") -> 45219.476
A8: 45202.26 | B8: ANT-0270 | C8: 79 | D8: Résolu | E8: =IFERROR(VLOOKUP(logos[[#This Row],[Cell_ID]],'registe maintenance'!A:B,2,FALSE)," non répertoriées") -> Kasai-Central | F8: =IFERROR(VLOOKUP(logos[[#This Row],[Cell_ID]],'registe maintenance'!A:C,3,FALSE)," non répertoriées") -> -1.648264 | G8: =IFERROR(VLOOKUP(logos[[#This Row],[Cell_ID]],'registe maintenance'!A:D,4,FALSE)," non répertoriées") -> 28.866144 | H8: =IFERROR(VLOOKUP(logos[[#This Row],[Cell_ID]],'registe maintenance'!A:E,5,FALSE)," non répertoriées") -> 5G | I8: =IFERROR(VLOOKUP(logos[[#This Row],[Cell_ID]],'registe maintenance'!A:F,6,FALSE)," non répertoriées") -> Ericsson | J8: =IFERROR(VLOOKUP(B8,'logos transformer '!A:B,2,FALSE),"na") -> 2 | K8: =IFERROR(VLOOKUP(B8,'logos transformer '!A:C,3,FALSE),"na") -> 87 | L8: =IFERROR(VLOOKUP(B8,'logos transformer '!A:D,4,FALSE),"na") -> 45221.181
A9: 45216.792 | B9: ANT-0996 | C9: 56 | D9: Résolu | E9: =IFERROR(VLOOKUP(logos[[#This Row],[Cell_ID]],'registe maintenance'!A:B,2,FALSE)," non répertoriées") -> non répertoriées | F9: =IFERROR(VLOOKUP(logos[[#This Row],[Cell_ID]],'registe maintenance'!A:C,3,FALSE)," non répertoriées") -> non répertoriées | G9: =IFERROR(VLOOKUP(logos[[#This Row],[Cell_ID]],'registe maintenance'!A:D,4,FALSE)," non répertoriées") -> non répertoriées | H9: =IFERROR(VLOOKUP(logos[[#This Row],[Cell_ID]],'registe maintenance'!A:E,5,FALSE)," non répertoriées") -> non répertoriées | I9: =IFERROR(VLOOKUP(logos[[#This Row],[Cell_ID]],'registe maintenance'!A:F,6,FALSE)," non répertoriées") -> non répertoriées | J9: =IFERROR(VLOOKUP(B9,'logos transformer '!A:B,2,FALSE),"na") -> 2 | K9: =IFERROR(VLOOKUP(B9,'logos transformer '!A:C,3,FALSE),"na") -> 92 | L9: =IFERROR(VLOOKUP(B9,'logos transformer '!A:D,4,FALSE),"na") -> 45216.792
A10: 45217.281 | B10: ANT-0513 | C10: 51 | D10: Non Résolu | E10: =IFERROR(VLOOKUP(logos[[#This Row],[Cell_ID]],'registe maintenance'!A:B,2,FALSE)," non répertoriées") -> non répertoriées | F10: =IFERROR(VLOOKUP(logos[[#This Row],[Cell_ID]],'registe maintenance'!A:C,3,FALSE)," non répertoriées") -> non répertoriées | G10: =IFERROR(VLOOKUP(logos[[#This Row],[Cell_ID]],'registe maintenance'!A:D,4,FALSE)," non répertoriées") -> non répertoriées | H10: =IFERROR(VLOOKUP(logos[[#This Row],[Cell_ID]],'registe maintenance'!A:E,5,FALSE)," non répertoriées") -> non répertoriées | I10: =IFERROR(VLOOKUP(logos[[#This Row],[Cell_ID]],'registe maintenance'!A:F,6,FALSE)," non répertoriées") -> non répertoriées | J10: =IFERROR(VLOOKUP(B10,'logos transformer '!A:B,2,FALSE),"na") -> 1 | K10: =IFERROR(VLOOKUP(B10,'logos transformer '!A:C,3,FALSE),"na") -> 51 | L10: =IFERROR(VLOOKUP(B10,'logos transformer '!A:D,4,FALSE),"na") -> 45217.281
A11: 45220.94 | B11: ANT-0781 | C11: 33 | D11: En Cours | E11: =IFERROR(VLOOKUP(logos[[#This Row],[Cell_ID]],'registe maintenance'!A:B,2,FALSE)," non répertoriées") -> non répertoriées | F11: =IFERROR(VLOOKUP(logos[[#This Row],[Cell_ID]],'registe maintenance'!A:C,3,FALSE)," non répertoriées") -> non répertoriées | G11: =IFERROR(VLOOKUP(logos[[#This Row],[Cell_ID]],'registe maintenance'!A:D,4,FALSE)," non répertoriées") -> non répertoriées | H11: =IFERROR(VLOOKUP(logos[[#This Row],[Cell_ID]],'registe maintenance'!A:E,5,FALSE)," non répertoriées") -> non répertoriées | I11: =IFERROR(VLOOKUP(logos[[#This Row],[Cell_ID]],'registe maintenance'!A:F,6,FALSE)," non répertoriées") -> non répertoriées | J11: =IFERROR(VLOOKUP(B11,'logos transformer '!A:B,2,FALSE),"na") -> 2 | K11: =IFERROR(VLOOKUP(B11,'logos transformer '!A:C,3,FALSE),"na") -> 114 | L11: =IFERROR(VLOOKUP(B11,'logos transformer '!A:D,4,FALSE),"na") -> 45227.483
A12: 45213.311 | B12: ANT-0183 | C12: 22 | D12: Non Résolu | E12: =IFERROR(VLOOKUP(logos[[#This Row],[Cell_ID]],'registe maintenance'!A:B,2,FALSE)," non répertoriées") -> Kwango | F12: =IFERROR(VLOOKUP(logos[[#This Row],[Cell_ID]],'registe maintenance'!A:C,3,FALSE)," non répertoriées") -> 4.831904 | G12: =IFERROR(VLOOKUP(logos[[#This Row],[Cell_ID]],'registe maintenance'!A:D,4,FALSE)," non répertoriées") -> 20.733469 | H12: =IFERROR(VLOOKUP(logos[[#This Row],[Cell_ID]],'registe maintenance'!A:E,5,FALSE)," non répertoriées") -> 5G | I12: =IFERROR(VLOOKUP(logos[[#This Row],[Cell_ID]],'registe maintenance'!A:F,6,FALSE)," non répertoriées") -> Ericsson | J12: =IFERROR(VLOOKUP(B12,'logos transformer '!A:B,2,FALSE),"na") -> 2 | K12: =IFERROR(VLOOKUP(B12,'logos transformer '!A:C,3,FALSE),"na") -> 101 | L12: =IFERROR(VLOOKUP(B12,'logos transformer '!A:D,4,FALSE),"na") -> 45213.311
A13: 45218.369 | B13: ANT-0520 | C13: 70 | D13: Résolu | E13: =IFERROR(VLOOKUP(logos[[#This Row],[Cell_ID]],'registe maintenance'!A:B,2,FALSE)," non répertoriées") -> Lomami | F13: =IFERROR(VLOOKUP(logos[[#This Row],[Cell_ID]],'registe maintenance'!A:C,3,FALSE)," non répertoriées") -> -8.422786 | G13: =IFERROR(VLOOKUP(logos[[#This Row],[Cell_ID]],'registe maintenance'!A:D,4,FALSE)," non répertoriées") -> 16.781293 | H13: =IFERROR(VLOOKUP(logos[[#This Row],[Cell_ID]],'registe maintenance'!A:E,5,FALSE)," non répertoriées") -> 4G | I13: =IFERROR(VLOOKUP(logos[[#This Row],[Cell_ID]],'registe maintenance'!A:F,6,FALSE)," non répertoriées") -> Huawei | J13: =IFERROR(VLOOKUP(B13,'logos transformer '!A:B,2,FALSE),"na") -> 2 | K13: =IFERROR(VLOOKUP(B13,'logos transformer '!A:C,3,FALSE),"na") -> 155 | L13: =IFERROR(VLOOKUP(B13,'logos transformer '!A:D,4,FALSE),"na") -> 45218.369
... A1078: 45229.987 | B1078: ANT-0635 | C1078: 37 | D1078: En Cours | E1078: =IFERROR(VLOOKUP(logos[[#This Row],[Cell_ID]],'registe maintenance'!A:B,2,FALSE)," non répertoriées") -> non répertoriées | F1078: =IFERROR(VLOOKUP(logos[[#This Row],[Cell_ID]],'registe maintenance'!A:C,3,FALSE)," non répertoriées") -> non répertoriées | G1078: =IFERROR(VLOOKUP(logos[[#This Row],[Cell_ID]],'registe maintenance'!A:D,4,FALSE)," non répertoriées") -> non répertoriées | H1078: =IFERROR(VLOOKUP(logos[[#This Row],[Cell_ID]],'registe maintenance'!A:E,5,FALSE)," non répertoriées") -> non répertoriées | I1078: =IFERROR(VLOOKUP(logos[[#This Row],[Cell_ID]],'registe maintenance'!A:F,6,FALSE)," non répertoriées") -> non répertoriées | J1078: =IFERROR(VLOOKUP(B1078,'logos transformer '!A:B,2,FALSE),"na") -> 3 | K1078: =IFERROR(VLOOKUP(B1078,'logos transformer '!A:C,3,FALSE),"na") -> 114 | L1078: =IFERROR(VLOOKUP(B1078,'logos transformer '!A:D,4,FALSE),"na") -> 45229.987

Sheet client charne
A1: ID_Client | B1: Province_Client | C1: Anciennete_Mois | D1: Type_Forfait | E1: Duree_Cumulee_Panne_heur | F1: Facture_Mensuelle | G1: Plaintes_Service_Client | H1: anciennette_annéé | I1: Type_client | J1: remise | K1: perte
A2: CLI-01147 | B2: Ituri | C2: 29 | D2: Premium 5G 150Go | E2: 3.57 | F2: 74.7 | G2: 3 | H2: 2 | I2: =IF(F2<80,"B2B","-") -> B2B | J2: =IF(AND(E2>12,H2>5),70%, IF(OR(AND(E2>=4,E2<=12),AND(H2<5,ISNUMBER(SEARCH("Premium",D2)))),45%, IF(I2="B2B",10%,0%))) -> 0.45 | K2: =F2*J2 -> 33.615
A3: CLI-00894 | B3: Tshuapa | C3: 63 | D3: Pro Monde | E3: 3.42 | F3: 89.19 | G3: 0 | H3: 5 | I3: =IF(F3<80,"B2B","-") -> - | J3: =IF(AND(E3>12,H3>5),70%, IF(OR(AND(E3>=4,E3<=12),AND(H3<5,ISNUMBER(SEARCH("Premium",D3)))),45%, IF(I3="B2B",10%,0%))) -> 0 | K3: =F3*J3 -> 0
A4: CLI-00865 | B4: Mongala | C4: 34 | D4: Pro Monde | E4: 7.55 | F4: 56.84 | G4: 0 | H4: 3 | I4: =IF(F4<80,"B2B","-") -> B2B | J4: =IF(AND(E4>12,H4>5),70%, IF(OR(AND(E4>=4,E4<=12),AND(H4<5,ISNUMBER(SEARCH("Premium",D4)))),45%, IF(I4="B2B",10%,0%))) -> 0.45 | K4: =F4*J4 -> 25.578
A5: CLI-01325 | B5: Haut-Lomami | C5: 44 | D5: Bloqué 5Go | E5: 5.8 | F5: 58.67 | G5: 0 | H5: 4 | I5: =IF(F5<80,"B2B","-") -> B2B | J5: =IF(AND(E5>12,H5>5),70%, IF(OR(AND(E5>=4,E5<=12),AND(H5<5,ISNUMBER(SEARCH("Premium",D5)))),45%, IF(I5="B2B",10%,0%))) -> 0.45 | K5: =F5*J5 -> 26.4015
A6: CLI-01855 | B6: Sud-Kivu | C6: 101 | D6: Illimité 50Go | E6: 5.97 | F6: 29.24 | G6: 3 | H6: 8 | I6: =IF(F6<80,"B2B","-") -> B2B | J6: =IF(AND(E6>12,H6>5),70%, IF(OR(AND(E6>=4,E6<=12),AND(H6<5,ISNUMBER(SEARCH("Premium",D6)))),45%, IF(I6="B2B",10%,0%))) -> 0.45 | K6: =F6*J6 -> 13.158
A7: CLI-00076 | B7: Haut-Katanga | C7: 46 | D7: Premium 5G 150Go | E7: 4.72 | F7: 56.05 | G7: 1 | H7: 4 | I7: =IF(F7<80,"B2B","-") -> B2B | J7: =IF(AND(E7>12,H7>5),70%, IF(OR(AND(E7>=4,E7<=12),AND(H7<5,ISNUMBER(SEARCH("Premium",D7)))),45%, IF(I7="B2B",10%,0%))) -> 0.45 | K7: =F7*J7 -> 25.2225
A8: CLI-00414 | B8: Bas-Uele | C8: 99 | D8: Premium 5G 150Go | E8: 7.45 | F8: 38.1 | G8: 3 | H8: 8 | I8: =IF(F8<80,"B2B","-") -> B2B | J8: =IF(AND(E8>12,H8>5),70%, IF(OR(AND(E8>=4,E8<=12),AND(H8<5,ISNUMBER(SEARCH("Premium",D8)))),45%, IF(I8="B2B",10%,0%))) -> 0.45 | K8: =F8*J8 -> 17.145
A9: CLI-00327 | B9: Haut-Katanga | C9: 6 | D9: Illimité 50Go | E9: 2.58 | F9: 40.66 | G9: 1 | H9: 0 | I9: =IF(F9<80,"B2B","-") -> B2B | J9: =IF(AND(E9>12,H9>5),70%, IF(OR(AND(E9>=4,E9<=12),AND(H9<5,ISNUMBER(SEARCH("Premium",D9)))),45%, IF(I9="B2B",10%,0%))) -> 0.1 | K9: =F9*J9 -> 4.066
A10: CLI-00559 | B10: Kasai | C10: 99 | D10: Bloqué 5Go | E10: 6.15 | F10: 67.21 | G10: 3 | H10: 8 | I10: =IF(F10<80,"B2B","-") -> B2B | J10: =IF(AND(E10>12,H10>5),70%, IF(OR(AND(E10>=4,E10<=12),AND(H10<5,ISNUMBER(SEARCH("Premium",D10)))),45%, IF(I10="B2B",10%,0%))) -> 0.45 | K10: =F10*J10 -> 30.2445
A11: CLI-00280 | B11: Sud-Ubangi | C11: 113 | D11: Illimité 50Go | E11: 6.33 | F11: 12.11 | G11: 0 | H11: 9 | I11: =IF(F11<80,"B2B","-") -> B2B | J11: =IF(AND(E11>12,H11>5),70%, IF(OR(AND(E11>=4,E11<=12),AND(H11<5,ISNUMBER(SEARCH("Premium",D11)))),45%, IF(I11="B2B",10%,0%))) -> 0.45 | K11: =F11*J11 -> 5.4495
A12: CLI-00060 | B12: Kasai-Central | C12: 72 | D12: Pro Monde | E12: 2.67 | F12: 90.13 | G12: 2 | H12: 6 | I12: =IF(F12<80,"B2B","-") -> - | J12: =IF(AND(E12>12,H12>5),70%, IF(OR(AND(E12>=4,E12<=12),AND(H12<5,ISNUMBER(SEARCH("Premium",D12)))),45%, IF(I12="B2B",10%,0%))) -> 0 | K12: =F12*J12 -> 0
A13: CLI-00530 | B13: Sankuru | C13: 35 | D13: Pro Monde | E13: 7.75 | F13: 58.59 | G13: 5 | H13: 3 | I13: =IF(F13<80,"B2B","-") -> B2B | J13: =IF(AND(E13>12,H13>5),70%, IF(OR(AND(E13>=4,E13<=12),AND(H13<5,ISNUMBER(SEARCH("Premium",D13)))),45%, IF(I13="B2B",10%,0%))) -> 0.45 | K13: =F13*J13 -> 26.3655
... A751: CLI-00800 | B751: Nord-Kivu | C751: 4 | D751: Bloqué 5Go | E751: 0.35 | F751: 45.8 | G751: 1 | H751: 0 | I751: =IF(F751<80,"B2B","-") -> B2B | J751: =IF(AND(E751>12,H751>5),70%, IF(OR(AND(E751>=4,E751<=12),AND(H751<5,ISNUMBER(SEARCH("Premium",D751)))),45%, IF(I751="B2B",10%,0%))) -> 0.1 | K751: =F751*J751 -> 4.58

Sheet Synthèse Macroscopique 
B3: Étiquettes de colonnes
B4: non répertoriées | D4: 3G | F4: 4G | H4: 5G | J4: Total Somme de Duree_Panne_Min | K4: Total Moyenne de Date_Heure_Panne
A5: Étiquettes de lignes | B5: Somme de Duree_Panne_Min | C5: Moyenne de Date_Heure_Panne | D5: Somme de Duree_Panne_Min | E5: Moyenne de Date_Heure_Panne | F5: Somme de Duree_Panne_Min | G5: Moyenne de Date_Heure_Panne | H5: Somme de Duree_Panne_Min | I5: Moyenne de Date_Heure_Panne
A6: non répertoriées | B6: 33683 | C6: 45215.565 | J6: 33683 | K6: 45215.565
A7: Bas-Uele | D7: 610 | E7: 45209.937 | F7: 373 | G7: 45212.097 | H7: 514 | I7: 45221.88 | J7: 1497 | K7: 45214.368
A8: Equateur | D8: 295 | E8: 45217.662 | F8: 118 | G8: 45212.438 | H8: 774 | I8: 45216.626 | J8: 1187 | K8: 45216.448
A9: Haut-Katanga | D9: 580 | E9: 45213.777 | F9: 696 | G9: 45214.523 | H9: 775 | I9: 45211.161 | J9: 2051 | K9: 45213.181
A10: Haut-Lomami | D10: 258 | E10: 45220.098 | F10: 962 | G10: 45213.474 | H10: 87 | I10: 45225.888 | J10: 1307 | K10: 45215.327
A11: Haut-Uele | D11: 330 | E11: 45217.425 | F11: 505 | G11: 45219.24 | H11: 735 | I11: 45210.904 | J11: 1570 | K11: 45215.505
A12: Ituri | D12: 500 | E12: 45218.208 | F12: 204 | G12: 45205.466 | H12: 426 | I12: 45217.171 | J12: 1130 | K12: 45215.176
A13: Kasai | D13: 116 | E13: 45212.393 | F13: 308 | G13: 45214.167 | H13: 590 | I13: 45214.344 | J13: 1014 | K13: 45213.923
A14: Kasai-Central | D14: 440 | E14: 45210.994 | F14: 488 | G14: 45213.242 | H14: 235 | I14: 45214.305 | J14: 1163 | K14: 45212.668
A15: Kasai-Oriental | D15: 152 | E15: 45214.57 | F15: 119 | G15: 45216.798 | H15: 298 | I15: 45216.598 | J15: 569 | K15: 45216.081
A16: Kinshasa | D16: 676 | E16: 45216.483 | F16: 174 | G16: 45212.913 | H16: 455 | I16: 45220.58 | J16: 1305 | K16: 45217.729
A17: Kongo-Central | D17: 331 | E17: 45210.307 | F17: 457 | G17: 45210.024 | H17: 1310 | I17: 45216.35 | J17: 2098 | K17: 45213.553
A18: Kwango | D18: 139 | E18: 45220.387 | F18: 453 | G18: 45219.843 | H18: 360 | I18: 45212.583 | J18: 952 | K18: 45216.95
... A22: Mai-Ndombe | D22: 139 | E22: 45215.829 | F22: 354 | G22: 45214.525 | H22: 89 | I22: 45226.701 | J22: 582 | K22: 45216.772
A23: Maniema | F23: 740 | G23: 45212.829 | H23: 355 | I23: 45213.264 | J23: 1095 | K23: 45212.998
A24: Mongala | D24: 170 | E24: 45215.752 | F24: 313 | G24: 45213.363 | H24: 591 | I24: 45219.441 | J24: 1074 | K24: 45217.488
A25: Nord-Kivu | D25: 887 | E25: 45212.46 | F25: 564 | G25: 45214.165 | H25: 984 | I25: 45211.788 | J25: 2435 | K25: 45212.665
A26: Nord-Ubangi | D26: 275 | E26: 45211.77 | F26: 772 | G26: 45217.703 | H26: 504 | I26: 45219.472 | J26: 1551 | K26: 45217.175
A27: Sankuru | D27: 185 | E27: 45213.958 | F27: 380 | G27: 45214.159 | H27: 199 | I27: 45216.716 | J27: 764 | K27: 45214.899
A28: Sud-Kivu | D28: 1449 | E28: 45216.012 | F28: 205 | G28: 45214.788 | H28: 601 | I28: 45218.502 | J28: 2255 | K28: 45216.336
A29: Sud-Ubangi | D29: 428 | E29: 45214.864 | F29: 357 | G29: 45217.187 | H29: 612 | I29: 45216.953 | J29: 1397 | K29: 45216.164
A30: Tanganyika | D30: 341 | E30: 45219.354 | F30: 608 | G30: 45216.058 | H30: 708 | I30: 45216.543 | J30: 1657 | K30: 45216.931
A31: Tshopo | D31: 535 | E31: 45211.676 | F31: 320 | G31: 45222.981 | H31: 538 | I31: 45217.151 | J31: 1393 | K31: 45216.956
A32: Tshuapa | D32: 220 | E32: 45213.803 | F32: 314 | G32: 45216.439 | H32: 577 | I32: 45219.073 | J32: 1111 | K32: 45217.097
A33: Total général | B33: 33683 | C33: 45215.565 | D33: 10622 | E33: 45214.754 | F33: 11465 | G33: 45214.683 | H33: 12957 | I33: 45216.583 | J33: 68727 | K33: 45215.473

Sheet logos transformer 
A1: Cell_ID | B1: Nombre aboné | C1: durée | D1: dernière heurre
A2: ANT-0465 | B2: 2 | C2: 136 | D2: 45228.792
A3: ANT-0004 | B3: 3 | C3: 161 | D3: 45226.003
A4: ANT-0977 | B4: 2 | C4: 153 | D4: 45224.378
A5: ANT-0740 | B5: 2 | C5: 129 | D5: 45221.998
A6: ANT-0897 | B6: 3 | C6: 161 | D6: 45222.772
A7: ANT-0737 | B7: 5 | C7: 389 | D7: 45219.476
A8: ANT-0270 | B8: 2 | C8: 87 | D8: 45221.181
A9: ANT-0996 | B9: 2 | C9: 92 | D9: 45216.792
A10: ANT-0513 | B10: 1 | C10: 51 | D10: 45217.281
A11: ANT-0781 | B11: 2 | C11: 114 | D11: 45227.483
A12: ANT-0183 | B12: 2 | C12: 101 | D12: 45213.311
A13: ANT-0520 | B13: 2 | C13: 155 | D13: 45218.369
... A661: ANT-0241 | B661: 1 | C661: 33 | D661: 45212.721

Sheet registe maintenance
A1: ID_Antenne | B1: Province_RDC | C1: Latitude | D1: Longitude | E1: Technologie | F1: Equipementier
A2: ANT-0622 | B2: Haut-Uele | C2: -3.003879 | D2: 23.633893 | E2: 5G | F2: Ericsson
A3: ANT-0084 | B3: Kwilu | C3: 2.413557 | D3: 19.690682 | E3: 4G | F3: Huawei
A4: ANT-0862 | B4: Tanganyika | C4: -9.470862 | D4: 29.234388 | E4: 3G | F4: ZTE
A5: ANT-0288 | B5: Tshopo | C5: 1.400674 | D5: 13.503127 | E5: 5G | F5: ZTE
A6: ANT-0880 | B6: Haut-Uele | C6: 0.293756 | D6: 18.528884 | E6: 5G | F6: ZTE
A7: ANT-0847 | B7: Maniema | C7: -4.486234 | D7: 17.956159 | E7: 3G | F7: Huawei
A8: ANT-0144 | B8: Tanganyika | C8: -12.824639 | D8: 24.407249 | E8: 5G | F8: Huawei
A9: ANT-0913 | B9: Kinshasa | C9: -5.412628 | D9: 25.498236 | E9: 5G | F9: ZTE
A10: ANT-0552 | B10: Kinshasa | C10: -10.57951 | D10: 23.502314 | E10: 4G | F10: ZTE
A11: ANT-0202 | B11: Tshuapa | C11: 3.078867 | D11: 19.513651 | E11: 5G | F11: Huawei
A12: ANT-0270 | B12: Kasai-Central | C12: -1.648264 | D12: 28.866144 | E12: 5G | F12: Ericsson
A13: ANT-0752 | B13: Nord-Kivu | C13: -3.388313 | D13: 26.838507 | E13: 5G | F13: Nokia
... A499: ANT-0090 | B499: Kasai-Central | C499: -7.337934 | D499: 28.404002 | E499: 3G | F499: Nokia
